"ID","NATC","NATC_ID","Type"
1,"Abandoned",2,"No cluster"
2,"Abandoned",2,"No cluster"
3,"Never",1,"Clump"
4,"Never",1,"Clump"
5,"Never",1,"Clump"
6,"Abandoned",2,"No cluster"
7,"Abandoned",2,"No cluster"
8,"Never",1,"Clump"
9,"Abandoned",2,"No cluster"
10,"Continuous",4,"Clump"
11,"Abandoned",2,"No cluster"
12,"Continuous",4,"Clump"
13,"Never",1,"Dispersed"
14,"Never",1,"No cluster"
15,"Never",1,"Dispersed"
16,"Transformed",3,"No cluster"
17,"Abandoned",2,"No cluster"
18,"Transformed",3,"No cluster"
19,"Abandoned",2,"No cluster"
20,"Continuous",4,"Clump"
21,"Transformed",3,"No cluster"
22,"Continuous",4,"Clump"
23,"Abandoned",2,"No cluster"
24,"Never",1,"Dispersed"
25,"Abandoned",2,"No cluster"
26,"Continuous",4,"Clump"
27,"Never",1,"Clump"
28,"Never",1,"Clump"
29,"Abandoned",2,"No cluster"
30,"Continuous",4,"Clump"
31,"Continuous",4,"Clump"
32,"Never",1,"Clump"
33,"Continuous",4,"Clump"
34,"Continuous",4,"Clump"
35,"Continuous",4,"Clump"
36,"Continuous",4,"Clump"
37,"Transformed",3,"No cluster"
38,"Continuous",4,"Cluster"
39,"Abandoned",2,"No cluster"
40,"Continuous",4,"Clump"
41,"Continuous",4,"Cluster"
42,"Never",1,"Clump"
43,"Continuous",4,"Clump"
44,"Abandoned",2,"No cluster"
45,"Never",1,"Clump"
46,"Never",1,"Clump"
47,"Continuous",4,"Cluster"
48,"Never",1,"Clump"
49,"Continuous",4,"Clump"
50,"Never",1,"Clump"
51,"Never",1,"Clump"
52,"Transformed",3,"No cluster"
53,"Transformed",3,"No cluster"
54,"Never",1,"Clump"
55,"Abandoned",2,"No cluster"
56,"Abandoned",2,"No cluster"
57,"Never",1,"Clump"
58,"Never",1,"Clump"
59,"Never",1,"Clump"
60,"Continuous",4,"Clump"
61,"Never",1,"Clump"
62,"Continuous",4,"Clump"
63,"Continuous",4,"Clump"
64,"Abandoned",2,"No cluster"
65,"Continuous",4,"Clump"
66,"Never",1,"Clump"
67,"Never",1,"Clump"
68,"Continuous",4,"Clump"
69,"Abandoned",2,"No cluster"
70,"Abandoned",2,"No cluster"
71,"Abandoned",2,"No cluster"
72,"Abandoned",2,"No cluster"
73,"Abandoned",2,"No cluster"
74,"Transformed",3,"No cluster"
75,"Continuous",4,"Clump"
76,"Never",1,"Clump"
77,"Transformed",3,"No cluster"
78,"Abandoned",2,"No cluster"
79,"Continuous",4,"Cluster"
80,"Continuous",4,"Cluster"
81,"Continuous",4,"Cluster"
82,"Never",1,"Clump"
83,"Never",1,"Clump"
84,"Continuous",4,"Clump"
85,"Never",1,"Clump"
86,"Never",1,"No cluster"
87,"Never",1,"Clump"
88,"Never",1,"Clump"
89,"Never",1,"Clump"
90,"Never",1,"Clump"
91,"Transformed",3,"No cluster"
92,"Never",1,"Clump"
93,"Never",1,"Clump"
94,"Transformed",3,"No cluster"
95,"Continuous",4,"Clump"
96,"Continuous",4,"Clump"
97,"Transformed",3,"No cluster"
98,"Transformed",3,"No cluster"
99,"Abandoned",2,"No cluster"
100,"Never",1,"Clump"
101,"Never",1,"Clump"
102,"Never",1,"No cluster"
103,"Abandoned",2,"No cluster"
104,"Never",1,"Clump"
105,"Never",1,"Clump"
106,"Never",1,"No cluster"
107,"Abandoned",2,"No cluster"
108,"Abandoned",2,"No cluster"
109,"Abandoned",2,"No cluster"
110,"Never",1,"Clump"
112,"Continuous",4,"Cluster"
113,"Abandoned",2,"No cluster"
114,"Never",1,"Clump"
115,"Continuous",4,"Clump"
116,"Never",1,"Clump"
117,"Abandoned",2,"No cluster"
118,"Never",1,"Clump"
119,"Never",1,"Clump"
120,"Never",1,"Clump"
121,"Abandoned",2,"No cluster"
122,"Abandoned",2,"No cluster"
123,"Continuous",4,"Clump"
124,"Never",1,"Clump"
125,"Never",1,"Clump"
126,"Never",1,"Clump"
127,"Transformed",3,"No cluster"
128,"Never",1,"Clump"
129,"Never",1,"Clump"
130,"Never",1,"Clump"
131,"Never",1,"No cluster"
132,"Never",1,"Clump"
133,"Transformed",3,"No cluster"
134,"Continuous",4,"No cluster"
135,"Never",1,"Clump"
136,"Abandoned",2,"No cluster"
137,"Never",1,"Clump"
138,"Never",1,"Clump"
139,"Never",1,"Clump"
140,"Never",1,"Clump"
141,"Never",1,"Clump"
142,"Never",1,"Clump"
143,"Continuous",4,"Clump"
144,"Transformed",3,"No cluster"
145,"Continuous",4,"Clump"
146,"Abandoned",2,"No cluster"
147,"Transformed",3,"No cluster"
148,"Transformed",3,"No cluster"
149,"Never",1,"Clump"
150,"Never",1,"Clump"
151,"Transformed",3,"No cluster"
152,"Never",1,"Clump"
153,"Never",1,"Clump"
154,"Transformed",3,"No cluster"
155,"Never",1,"Clump"
156,"Continuous",4,"Clump"
157,"Transformed",3,"No cluster"
158,"Never",1,"Clump"
159,"Never",1,"Cluster"
160,"Never",1,"Clump"
161,"Never",1,"Clump"
162,"Never",1,"Clump"
163,"Never",1,"Clump"
164,"Never",1,"Cluster"
165,"Never",1,"Clump"
166,"Never",1,"Clump"
167,"Transformed",3,"No cluster"
168,"Never",1,"Clump"
169,"Never",1,"Clump"
170,"Never",1,"Clump"
171,"Never",1,"Clump"
172,"Abandoned",2,"No cluster"
173,"Never",1,"Clump"
174,"Abandoned",2,"No cluster"
175,"Abandoned",2,"No cluster"
176,"Never",1,"Clump"
177,"Never",1,"Clump"
178,"Never",1,"Clump"
179,"Never",1,"Clump"
180,"Continuous",4,"Clump"
181,"Never",1,"Clump"
182,"Never",1,"Clump"
183,"Never",1,"Clump"
184,"Never",1,"Clump"
185,"Never",1,"Clump"
186,"Continuous",4,"Clump"
111,"Never",1,"No cluster"
187,"Never",1,"Clump"
188,"Never",1,"Clump"
189,"Never",1,"Clump"
190,"Never",1,"Clump"
191,"Never",1,"Clump"
192,"Never",1,"Clump"
193,"Never",1,"Clump"
194,"Continuous",4,"Clump"
195,"Never",1,"Clump"
196,"Never",1,"Clump"
200,"Transformed",3,"No cluster"
198,"Abandoned",2,"No cluster"
199,"Transformed",3,"No cluster"
197,"Never",1,"Clump"
201,"Never",1,"Clump"
202,"Continuous",4,"Clump"
203,"Continuous",4,"Cluster"
204,"Never",1,"Clump"
205,"Never",1,"Clump"
206,"Continuous",4,"Clump"
207,"Transformed",3,"No cluster"
208,"Transformed",3,"No cluster"
209,"Continuous",4,"No cluster"
210,"Continuous",4,"Clump"
211,"Continuous",4,"No cluster"
212,"Continuous",4,"No cluster"
213,"Continuous",4,"Clump"
214,"Continuous",4,"No cluster"
215,"Continuous",4,"Cluster"
216,"Continuous",4,"Clump"
217,"Continuous",4,"No cluster"
218,"Never",1,"Clump"
219,"Never",1,"Clump"
220,"Continuous",4,"Clump"
221,"Continuous",4,"Clump"
222,"Continuous",4,"Clump"
223,"Never",1,"Clump"
224,"Never",1,"Clump"
225,"Continuous",4,"No cluster"
226,"Continuous",4,"Clump"
227,"Continuous",4,"Clump"
228,"Continuous",4,"Clump"
229,"Transformed",3,"No cluster"
230,"Continuous",4,"Clump"
231,"Transformed",3,"No cluster"
232,"Continuous",4,"Clump"
233,"Never",1,"Clump"
234,"Never",1,"No cluster"
235,"Transformed",3,"No cluster"
236,"Abandoned",2,"No cluster"
237,"Transformed",3,"No cluster"
238,"Abandoned",2,"No cluster"
239,"Continuous",4,"Clump"
240,"Never",1,"Clump"
241,"Never",1,"Clump"
242,"Never",1,"No cluster"
243,"Continuous",4,"Clump"
244,"Never",1,"Clump"
245,"Abandoned",2,"No cluster"
246,"Never",1,"Clump"
247,"Continuous",4,"Clump"
248,"Continuous",4,"Clump"
249,"Continuous",4,"Clump"
250,"Abandoned",2,"No cluster"
251,"Continuous",4,"Clump"
252,"Abandoned",2,"No cluster"
253,"Never",1,"Clump"
254,"Never",1,"Clump"
255,"Continuous",4,"Clump"
256,"Continuous",4,"Clump"
257,"Never",1,"Clump"
258,"Continuous",4,"Clump"
259,"Never",1,"Clump"
260,"Transformed",3,"No cluster"
261,"Never",1,"Clump"
262,"Never",1,"Clump"
263,"Never",1,"Clump"
264,"Abandoned",2,"No cluster"
265,"Never",1,"Clump"
266,"Abandoned",2,"No cluster"
267,"Never",1,"Clump"
268,"Abandoned",2,"No cluster"
269,"Abandoned",2,"No cluster"
270,"Abandoned",2,"No cluster"
271,"Never",1,"Clump"
272,"Continuous",4,"Clump"
273,"Continuous",4,"Clump"
274,"Never",1,"Clump"
275,"Continuous",4,"Clump"
276,"Transformed",3,"No cluster"
277,"Never",1,"Clump"
278,"Continuous",4,"Clump"
279,"Continuous",4,"Clump"
280,"Never",1,"Clump"
281,"Never",1,"Clump"
282,"Transformed",3,"No cluster"
283,"Never",1,"Clump"
284,"Never",1,"Clump"
285,"Never",1,"Clump"
286,"Continuous",4,"Clump"
287,"Never",1,"Clump"
288,"Abandoned",2,"No cluster"
289,"Abandoned",2,"No cluster"
290,"Abandoned",2,"No cluster"
291,"Abandoned",2,"No cluster"
292,"Abandoned",2,"No cluster"
293,"Never",1,"Clump"
294,"Continuous",4,"Clump"
295,"Transformed",3,"No cluster"
296,"Never",1,"Clump"
297,"Never",1,"Clump"
298,"Continuous",4,"Clump"
299,"Never",1,"Clump"
300,"Never",1,"Clump"
301,"Never",1,"Clump"
302,"Abandoned",2,"No cluster"
303,"Never",1,"Clump"
304,"Never",1,"Clump"
305,"Never",1,"Clump"
306,"Never",1,"Clump"
307,"Abandoned",2,"No cluster"
308,"Never",1,"Clump"
309,"Abandoned",2,"No cluster"
310,"Abandoned",2,"No cluster"
311,"Never",1,"Clump"
312,"Continuous",4,"Clump"
313,"Abandoned",2,"No cluster"
314,"Never",1,"Clump"
315,"Never",1,"Clump"
316,"Never",1,"Clump"
317,"Abandoned",2,"No cluster"
318,"Abandoned",2,"No cluster"
319,"Continuous",4,"Clump"
320,"Continuous",4,"Clump"
321,"Abandoned",2,"No cluster"
322,"Never",1,"Clump"
323,"Continuous",4,"Clump"
324,"Never",1,"Clump"
325,"Abandoned",2,"No cluster"
326,"Abandoned",2,"No cluster"
327,"Abandoned",2,"No cluster"
328,"Never",1,"Cluster"
329,"Abandoned",2,"No cluster"
330,"Never",1,"Clump"
331,"Continuous",4,"Clump"
332,"Abandoned",2,"No cluster"
333,"Abandoned",2,"No cluster"
334,"Never",1,"Clump"
335,"Abandoned",2,"No cluster"
336,"Continuous",4,"Clump"
337,"Transformed",3,"No cluster"
338,"Continuous",4,"Clump"
339,"Never",1,"Clump"
340,"Transformed",3,"No cluster"
341,"Continuous",4,"Clump"
342,"Continuous",4,"Clump"
343,"Never",1,"Clump"
344,"Continuous",4,"Clump"
345,"Never",1,"Clump"
346,"Continuous",4,"Clump"
350,"Continuous",4,"Clump"
348,"Continuous",4,"Clump"
349,"Never",1,"Clump"
351,"Never",1,"Clump"
352,"Never",1,"Clump"
353,"Never",1,"Clump"
354,"Transformed",3,"No cluster"
355,"Never",1,"No cluster"
356,"Continuous",4,"Clump"
357,"Never",1,"Clump"
358,"Continuous",4,"No cluster"
359,"Abandoned",2,"No cluster"
360,"Never",1,"Cluster"
361,"Never",1,"Cluster"
362,"Continuous",4,"Clump"
363,"Transformed",3,"No cluster"
364,"Never",1,"Clump"
365,"Never",1,"Clump"
366,"Continuous",4,"Cluster"
367,"Transformed",3,"No cluster"
368,"Transformed",3,"No cluster"
369,"Continuous",4,"Clump"
370,"Transformed",3,"No cluster"
371,"Abandoned",2,"No cluster"
372,"Never",1,"Clump"
373,"Never",1,"Clump"
374,"Continuous",4,"No cluster"
347,"Continuous",4,"Clump"
375,"Never",1,"Cluster"
376,"Continuous",4,"Clump"
377,"Never",1,"Clump"
378,"Abandoned",2,"No cluster"
379,"Continuous",4,"Clump"
380,"Never",1,"Clump"
381,"Never",1,"Clump"
382,"Abandoned",2,"No cluster"
383,"Never",1,"Clump"
384,"Never",1,"Clump"
385,"Never",1,"Clump"
386,"Transformed",3,"No cluster"
387,"Transformed",3,"No cluster"
388,"Transformed",3,"No cluster"
389,"Continuous",4,"Clump"
390,"Never",1,"Clump"
391,"Never",1,"Clump"
392,"Never",1,"Clump"
393,"Continuous",4,"Clump"
394,"Continuous",4,"Clump"
395,"Abandoned",2,"No cluster"
396,"Never",1,"Clump"
397,"Transformed",3,"No cluster"
398,"Continuous",4,"Clump"
399,"Abandoned",2,"No cluster"
400,"Abandoned",2,"No cluster"
401,"Never",1,"No cluster"
402,"Never",1,"Clump"
403,"Never",1,"Clump"
404,"Abandoned",2,"No cluster"
405,"Abandoned",2,"No cluster"
406,"Abandoned",2,"No cluster"
407,"Abandoned",2,"No cluster"
408,"Continuous",4,"Clump"
409,"Abandoned",2,"No cluster"
410,"Never",1,"Clump"
411,"Abandoned",2,"No cluster"
412,"Abandoned",2,"No cluster"
413,"Transformed",3,"No cluster"
414,"Abandoned",2,"No cluster"
415,"Continuous",4,"Clump"
416,"Abandoned",2,"No cluster"
417,"Never",1,"Clump"
418,"Abandoned",2,"No cluster"
419,"Never",1,"Clump"
420,"Never",1,"Clump"
421,"Never",1,"Clump"
422,"Never",1,"Clump"
423,"Never",1,"Clump"
424,"Never",1,"Clump"
425,"Abandoned",2,"No cluster"
426,"Continuous",4,"Clump"
427,"Abandoned",2,"No cluster"
428,"Continuous",4,"Clump"
429,"Continuous",4,"Clump"
430,"Continuous",4,"Clump"
431,"Abandoned",2,"No cluster"
432,"Never",1,"Clump"
433,"Never",1,"Clump"
434,"Never",1,"Clump"
435,"Abandoned",2,"No cluster"
436,"Abandoned",2,"No cluster"
437,"Continuous",4,"Clump"
438,"Continuous",4,"Clump"
439,"Abandoned",2,"No cluster"
440,"Continuous",4,"Clump"
441,"Continuous",4,"Clump"
442,"Never",1,"Clump"
443,"Never",1,"Clump"
444,"Never",1,"Clump"
445,"Never",1,"Clump"
446,"Never",1,"Clump"
447,"Never",1,"Clump"
448,"Never",1,"Clump"
449,"Never",1,"Clump"
450,"Continuous",4,"Clump"
453,"Never",1,"No cluster"
451,"Never",1,"Clump"
452,"Never",1,"Clump"
454,"Never",1,"Clump"
455,"Never",1,"Clump"
456,"Never",1,"Clump"
457,"Transformed",3,"No cluster"
458,"Never",1,"Clump"
459,"Never",1,"Clump"
460,"Abandoned",2,"No cluster"
461,"Never",1,"Clump"
462,"Never",1,"Clump"
463,"Never",1,"Clump"
464,"Never",1,"Clump"
465,"Never",1,"Clump"
466,"Never",1,"Clump"
467,"Continuous",4,"Cluster"
468,"Never",1,"Clump"
469,"Continuous",4,"Clump"
470,"Never",1,"Clump"
471,"Abandoned",2,"No cluster"
472,"Continuous",4,"Cluster"
473,"Continuous",4,"Clump"
474,"Transformed",3,"No cluster"
475,"Transformed",3,"No cluster"
476,"Never",1,"Clump"
477,"Transformed",3,"No cluster"
478,"Transformed",3,"No cluster"
479,"Transformed",3,"No cluster"
480,"Continuous",4,"Clump"
481,"Never",1,"No cluster"
482,"Never",1,"No cluster"
484,"Transformed",3,"No cluster"
485,"Never",1,"Clump"
486,"Never",1,"Clump"
487,"Never",1,"Clump"
488,"Never",1,"No cluster"
489,"Abandoned",2,"No cluster"
490,"Continuous",4,"Clump"
491,"Abandoned",2,"No cluster"
492,"Abandoned",2,"No cluster"
493,"Abandoned",2,"No cluster"
494,"Never",1,"Clump"
494,"Never",1,"Clump"
494,"Never",1,"Clump"
494,"Never",1,"No cluster"
494,"Never",1,"Clump"
495,"Never",1,"Clump"
496,"Continuous",4,"Clump"
497,"Never",1,"Clump"
498,"Never",1,"Clump"
498,"Never",1,"Clump"
499,"Never",1,"Clump"
500,"Never",1,"Clump"
501,"Never",1,"Clump"
502,"Never",1,"Clump"
503,"Never",1,"Clump"
504,"Never",1,"Clump"
498,"Never",1,"Clump"
505,"Never",1,"Clump"
498,"Never",1,"Clump"
498,"Never",1,"No cluster"
506,"Never",1,"Clump"
507,"Continuous",4,"Clump"
508,"Abandoned",2,"No cluster"
498,"Never",1,"Clump"
509,"Never",1,"Clump"
510,"Never",1,"Clump"
498,"Never",1,"No cluster"
498,"Never",1,"Clump"
498,"Never",1,"Clump"
498,"Never",1,"No cluster"
511,"Never",1,"No cluster"
512,"Abandoned",2,"No cluster"
513,"Never",1,"No cluster"
498,"Never",1,"No cluster"
514,"Never",1,"Clump"
498,"Never",1,"Clump"
515,"Never",1,"Clump"
516,"Abandoned",2,"No cluster"
498,"Never",1,"Clump"
498,"Never",1,"Clump"
498,"Never",1,"Clump"
498,"Never",1,"Clump"
498,"Never",1,"Clump"
498,"Never",1,"Clump"
517,"Never",1,"Clump"
518,"Never",1,"No cluster"
519,"Never",1,"Clump"
520,"Never",1,"Clump"
521,"Never",1,"Clump"
522,"Never",1,"Clump"
523,"Continuous",4,"No cluster"
524,"Never",1,"Clump"
525,"Never",1,"Clump"
526,"Transformed",3,"No cluster"
527,"Never",1,"Clump"
527,"Never",1,"Clump"
528,"Never",1,"Clump"
529,"Transformed",3,"No cluster"
530,"Never",1,"Clump"
531,"Continuous",4,"Clump"
532,"Transformed",3,"No cluster"
533,"Continuous",4,"Clump"
534,"Never",1,"No cluster"
535,"Never",1,"Clump"
483,"Never",1,"Clump"
536,"Never",1,"No cluster"
537,"Continuous",4,"Cluster"
538,"Never",1,"Clump"
539,"Never",1,"Clump"
540,"Never",1,"Clump"
541,"Never",1,"Clump"
542,"Abandoned",2,"No cluster"
543,"Abandoned",2,"No cluster"
544,"Abandoned",2,"No cluster"
545,"Never",1,"Clump"
546,"Abandoned",2,"No cluster"
547,"Abandoned",2,"No cluster"
548,"Abandoned",2,"No cluster"
549,"Abandoned",2,"No cluster"
550,"Abandoned",2,"No cluster"
551,"Never",1,"No cluster"
552,"Abandoned",2,"No cluster"
553,"Abandoned",2,"Dispersed"
498,"Never",1,"Clump"
498,"Never",1,"No cluster"
554,"Never",1,"No cluster"
555,"Never",1,"No cluster"
498,"Never",1,"No cluster"
556,"Abandoned",2,"Dispersed"
498,"Never",1,"Clump"
498,"Never",1,"No cluster"
557,"Never",1,"Clump"
558,"Never",1,"Clump"
558,"Never",1,"Clump"
559,"Never",1,"Clump"
560,"Never",1,"Clump"
561,"Transformed",3,"No cluster"
562,"Abandoned",2,"No cluster"
498,"Never",1,"Clump"
498,"Never",1,"Clump"
563,"Abandoned",2,"No cluster"
564,"Continuous",4,"Clump"
565,"Never",1,"Clump"
566,"Continuous",4,"Clump"
567,"Never",1,"Clump"
568,"Never",1,"Clump"
569,"Abandoned",2,"No cluster"
570,"Continuous",4,"Clump"
571,"Transformed",3,"No cluster"
572,"Abandoned",2,"No cluster"
573,"Abandoned",2,"No cluster"
574,"Abandoned",2,"No cluster"
575,"Continuous",4,"Clump"
576,"Continuous",4,"Clump"
577,"Abandoned",2,"No cluster"
578,"Abandoned",2,"No cluster"
579,"Continuous",4,"Clump"
580,"Transformed",3,"No cluster"
581,"Continuous",4,"Clump"
582,"Never",1,"Clump"
583,"Never",1,"Clump"
584,"Continuous",4,"Clump"
585,"Abandoned",2,"No cluster"
597,"Never",1,"Clump"
586,"Continuous",4,"Clump"
587,"Continuous",4,"Clump"
588,"Abandoned",2,"No cluster"
589,"Never",1,"Clump"
590,"Continuous",4,"Clump"
591,"Abandoned",2,"No cluster"
592,"Never",1,"Clump"
593,"Never",1,"Clump"
594,"Abandoned",2,"No cluster"
595,"Abandoned",2,"No cluster"
596,"Never",1,"Clump"
597,"Never",1,"Clump"
598,"Continuous",4,"Clump"
599,"Continuous",4,"Clump"
600,"Continuous",4,"Clump"
601,"Continuous",4,"Clump"
602,"Never",1,"Clump"
603,"Transformed",3,"No cluster"
604,"Continuous",4,"Clump"
605,"Abandoned",2,"No cluster"
498,"Never",1,"No cluster"
606,"Abandoned",2,"No cluster"
607,"Never",1,"Clump"
597,"Never",1,"Clump"
608,"Continuous",4,"Clump"
609,"Abandoned",2,"No cluster"
610,"Continuous",4,"Cluster"
611,"Continuous",4,"Cluster"
612,"Continuous",4,"Cluster"
613,"Continuous",4,"Clump"
614,"Continuous",4,"Clump"
615,"Continuous",4,"Clump"
616,"Abandoned",2,"No cluster"
617,"Continuous",4,"Clump"
618,"Abandoned",2,"No cluster"
619,"Continuous",4,"Clump"
620,"Abandoned",2,"No cluster"
621,"Abandoned",2,"No cluster"
622,"Continuous",4,"Clump"
623,"Never",1,"No cluster"
624,"Continuous",4,"Clump"
625,"Abandoned",2,"No cluster"
626,"Continuous",4,"Clump"
627,"Never",1,"Clump"
628,"Abandoned",2,"No cluster"
629,"Never",1,"Clump"
630,"Continuous",4,"Clump"
597,"Never",1,"Clump"
631,"Abandoned",2,"No cluster"
632,"Continuous",4,"Clump"
633,"Continuous",4,"Clump"
634,"Never",1,"Clump"
635,"Transformed",3,"No cluster"
636,"Continuous",4,"Clump"
637,"Never",1,"Clump"
638,"Continuous",4,"Clump"
639,"Never",1,"No cluster"
597,"Never",1,"Clump"
640,"Never",1,"No cluster"
641,"Continuous",4,"Clump"
642,"Continuous",4,"Clump"
643,"Abandoned",2,"No cluster"
644,"Continuous",4,"Clump"
645,"Continuous",4,"Clump"
646,"Continuous",4,"Clump"
647,"Continuous",4,"Clump"
648,"Continuous",4,"Clump"
649,"Abandoned",2,"No cluster"
650,"Continuous",4,"No cluster"
651,"Continuous",4,"Clump"
652,"Transformed",3,"No cluster"
653,"Continuous",4,"No cluster"
654,"Abandoned",2,"No cluster"
655,"Abandoned",2,"Dispersed"
656,"Never",1,"No cluster"
657,"Never",1,"Clump"
658,"Abandoned",2,"No cluster"
659,"Continuous",4,"Clump"
498,"Never",1,"No cluster"
660,"Never",1,"Clump"
661,"Never",1,"Clump"
662,"Never",1,"Clump"
663,"Never",1,"Clump"
664,"Never",1,"Clump"
665,"Never",1,"Clump"
666,"Never",1,"Clump"
667,"Never",1,"No cluster"
668,"Never",1,"No cluster"
669,"Never",1,"Clump"
670,"Never",1,"Clump"
671,"Never",1,"Clump"
672,"Never",1,"Clump"
673,"Never",1,"Clump"
674,"Never",1,"Clump"
675,"Never",1,"Clump"
676,"Never",1,"No cluster"
677,"Never",1,"Clump"
678,"Never",1,"Clump"
679,"Never",1,"Clump"
680,"Never",1,"No cluster"
681,"Never",1,"No cluster"
682,"Never",1,"No cluster"
683,"Never",1,"No cluster"
684,"Never",1,"No cluster"
685,"Never",1,"No cluster"
686,"Never",1,"Clump"
687,"Never",1,"No cluster"
688,"Never",1,"No cluster"
689,"Never",1,"No cluster"
690,"Never",1,"Clump"
691,"Never",1,"Clump"
692,"Never",1,"Clump"
693,"Never",1,"Clump"
694,"Never",1,"Clump"
695,"Never",1,"Clump"
696,"Never",1,"Clump"
697,"Abandoned",2,"No cluster"
698,"Abandoned",2,"No cluster"
699,"Never",1,"Clump"
700,"Abandoned",2,"No cluster"
701,"Abandoned",2,"No cluster"
702,"Continuous",4,"Clump"
703,"Never",1,"Clump"
704,"Transformed",3,"No cluster"
705,"Abandoned",2,"No cluster"
706,"Abandoned",2,"No cluster"
707,"Abandoned",2,"No cluster"
708,"Never",1,"Clump"
709,"Never",1,"Clump"
710,"Continuous",4,"Clump"
711,"Continuous",4,"Clump"
712,"Continuous",4,"Clump"
713,"Abandoned",2,"No cluster"
714,"Continuous",4,"Clump"
715,"Abandoned",2,"No cluster"
716,"Continuous",4,"Clump"
717,"Abandoned",2,"No cluster"
718,"Continuous",4,"Cluster"
719,"Abandoned",2,"No cluster"
720,"Continuous",4,"Clump"
721,"Abandoned",2,"No cluster"
722,"Abandoned",2,"No cluster"
723,"Abandoned",2,"No cluster"
724,"Abandoned",2,"No cluster"
725,"Abandoned",2,"No cluster"
726,"Transformed",3,"No cluster"
726,"Transformed",3,"No cluster"
726,"Transformed",3,"No cluster"
727,"Continuous",4,"Clump"
728,"Never",1,"Clump"
729,"Continuous",4,"Clump"
730,"Never",1,"Clump"
731,"Never",1,"Clump"
732,"Never",1,"Clump"
733,"Never",1,"Clump"
734,"Never",1,"Clump"
735,"Never",1,"Clump"
736,"Never",1,"Clump"
737,"Never",1,"Clump"
738,"Never",1,"Clump"
739,"Never",1,"Clump"
740,"Continuous",4,"Clump"
741,"Continuous",4,"Clump"
742,"Continuous",4,"Clump"
743,"Continuous",4,"Clump"
744,"Transformed",3,"No cluster"
745,"Never",1,"Clump"
746,"Never",1,"Clump"
747,"Never",1,"Clump"
748,"Continuous",4,"Cluster"
749,"Never",1,"Clump"
750,"Never",1,"No cluster"
751,"Continuous",4,"Clump"
752,"Abandoned",2,"No cluster"
753,"Never",1,"Clump"
754,"Continuous",4,"Clump"
755,"Continuous",4,"Clump"
756,"Never",1,"Clump"
757,"Never",1,"Clump"
758,"Continuous",4,"Clump"
759,"Continuous",4,"Clump"
760,"Continuous",4,"Clump"
761,"Continuous",4,"Clump"
762,"Never",1,"No cluster"
763,"Never",1,"No cluster"
764,"Continuous",4,"Cluster"
765,"Transformed",3,"No cluster"
766,"Transformed",3,"No cluster"
767,"Continuous",4,"Cluster"
768,"Continuous",4,"Cluster"
769,"Never",1,"Clump"
770,"Continuous",4,"Clump"
771,"Never",1,"Clump"
772,"Continuous",4,"Clump"
773,"Continuous",4,"Clump"
774,"Continuous",4,"Clump"
775,"Never",1,"No cluster"
776,"Continuous",4,"Clump"
777,"Continuous",4,"Clump"
778,"Never",1,"Clump"
779,"Continuous",4,"Clump"
780,"Continuous",4,"Clump"
781,"Continuous",4,"Clump"
782,"Continuous",4,"Clump"
783,"Continuous",4,"Clump"
784,"Never",1,"Clump"
785,"Continuous",4,"Clump"
786,"Abandoned",2,"No cluster"
787,"Abandoned",2,"No cluster"
788,"Continuous",4,"Clump"
789,"Continuous",4,"Clump"
790,"Abandoned",2,"No cluster"
791,"Continuous",4,"Clump"
792,"Continuous",4,"Clump"
793,"Continuous",4,"No cluster"
794,"Never",1,"No cluster"
795,"Never",1,"Clump"
796,"Never",1,"Clump"
798,"Continuous",4,"Clump"
799,"Continuous",4,"Clump"
800,"Never",1,"Clump"
801,"Continuous",4,"Cluster"
802,"Never",1,"Clump"
803,"Never",1,"No cluster"
804,"Continuous",4,"Clump"
805,"Never",1,"No cluster"
806,"Never",1,"No cluster"
807,"Never",1,"Clump"
808,"Never",1,"Clump"
809,"Continuous",4,"Clump"
810,"Abandoned",2,"No cluster"
811,"Transformed",3,"No cluster"
812,"Continuous",4,"Clump"
813,"Continuous",4,"Clump"
814,"Continuous",4,"Clump"
815,"Abandoned",2,"No cluster"
816,"Abandoned",2,"No cluster"
817,"Abandoned",2,"No cluster"
818,"Continuous",4,"Clump"
819,"Never",1,"Clump"
820,"Never",1,"No cluster"
821,"Never",1,"Clump"
822,"Never",1,"Clump"
823,"Never",1,"Clump"
824,"Never",1,"Clump"
825,"Never",1,"No cluster"
826,"Never",1,"No cluster"
827,"Continuous",4,"Clump"
828,"Continuous",4,"Clump"
829,"Continuous",4,"Clump"
830,"Transformed",3,"No cluster"
831,"Transformed",3,"No cluster"
832,"Continuous",4,"Cluster"
833,"Never",1,"No cluster"
834,"Continuous",4,"Clump"
835,"Continuous",4,"Clump"
825,"Never",1,"Clump"
836,"Transformed",3,"No cluster"
837,"Continuous",4,"Clump"
838,"Never",1,"Clump"
839,"Continuous",4,"Clump"
840,"Never",1,"Clump"
841,"Never",1,"Clump"
842,"Continuous",4,"Cluster"
843,"Transformed",3,"No cluster"
844,"Never",1,"Clump"
845,"Continuous",4,"Clump"
846,"Never",1,"Clump"
847,"Never",1,"Clump"
848,"Abandoned",2,"No cluster"
849,"Never",1,"Clump"
850,"Never",1,"Clump"
851,"Never",1,"Clump"
846,"Never",1,"Clump"
852,"Abandoned",2,"No cluster"
846,"Never",1,"Clump"
853,"Never",1,"Clump"
854,"Never",1,"Clump"
855,"Never",1,"Clump"
856,"Abandoned",2,"No cluster"
857,"Transformed",3,"No cluster"
858,"Never",1,"Clump"
859,"Never",1,"Cluster"
860,"Never",1,"Clump"
861,"Continuous",4,"No cluster"
862,"Never",1,"Clump"
863,"Abandoned",2,"Outlier"
846,"Never",1,"Clump"
864,"Abandoned",2,"No cluster"
865,"Abandoned",2,"No cluster"
846,"Never",1,"Clump"
866,"Continuous",4,"Clump"
867,"Abandoned",2,"No cluster"
868,"Never",1,"Clump"
869,"Abandoned",2,"No cluster"
870,"Never",1,"Clump"
846,"Never",1,"No cluster"
871,"Never",1,"No cluster"
872,"Abandoned",2,"No cluster"
873,"Abandoned",2,"No cluster"
874,"Abandoned",2,"No cluster"
875,"Abandoned",2,"No cluster"
876,"Continuous",4,"Cluster"
877,"Continuous",4,"Clump"
878,"Never",1,"Clump"
879,"Never",1,"Clump"
880,"Never",1,"Cluster"
881,"Never",1,"Clump"
882,"Never",1,"Clump"
883,"Never",1,"Clump"
884,"Never",1,"Clump"
885,"Continuous",4,"Clump"
886,"Continuous",4,"Clump"
887,"Continuous",4,"Cluster"
888,"Continuous",4,"Clump"
889,"Never",1,"Clump"
890,"Continuous",4,"Clump"
891,"Continuous",4,"Clump"
892,"Continuous",4,"Clump"
893,"Transformed",3,"No cluster"
894,"Never",1,"Clump"
895,"Transformed",3,"No cluster"
896,"Never",1,"Clump"
897,"Transformed",3,"No cluster"
898,"Never",1,"Clump"
899,"Never",1,"Clump"
900,"Never",1,"Clump"
901,"Never",1,"Clump"
902,"Continuous",4,"Clump"
903,"Continuous",4,"Cluster"
904,"Continuous",4,"Clump"
905,"Never",1,"Clump"
906,"Never",1,"Clump"
907,"Never",1,"Clump"
908,"Never",1,"Clump"
846,"Never",1,"Clump"
909,"Never",1,"Clump"
910,"Continuous",4,"Clump"
911,"Abandoned",2,"No cluster"
912,"Continuous",4,"Clump"
913,"Abandoned",2,"No cluster"
914,"Never",1,"Clump"
915,"Never",1,"Clump"
916,"Never",1,"Clump"
917,"Continuous",4,"Clump"
918,"Never",1,"Clump"
919,"Never",1,"Clump"
919,"Never",1,"Clump"
919,"Never",1,"Clump"
920,"Continuous",4,"Clump"
921,"Continuous",4,"Clump"
922,"Never",1,"Clump"
923,"Transformed",3,"No cluster"
924,"Never",1,"Clump"
925,"Never",1,"Clump"
926,"Continuous",4,"Clump"
927,"Never",1,"Clump"
929,"Continuous",4,"Clump"
930,"Continuous",4,"Clump"
931,"Transformed",3,"No cluster"
932,"Continuous",4,"Clump"
933,"Never",1,"No cluster"
934,"Never",1,"Clump"
935,"Never",1,"Clump"
936,"Continuous",4,"Clump"
937,"Abandoned",2,"No cluster"
938,"Abandoned",2,"No cluster"
939,"Transformed",3,"No cluster"
940,"Continuous",4,"Clump"
941,"Never",1,"Clump"
942,"Never",1,"Clump"
943,"Transformed",3,"No cluster"
944,"Transformed",3,"No cluster"
945,"Continuous",4,"Clump"
946,"Transformed",3,"No cluster"
947,"Transformed",3,"No cluster"
948,"Transformed",3,"No cluster"
949,"Continuous",4,"Clump"
950,"Continuous",4,"Clump"
951,"Never",1,"Clump"
952,"Continuous",4,"Cluster"
953,"Continuous",4,"Cluster"
954,"Never",1,"No cluster"
955,"Continuous",4,"Clump"
956,"Continuous",4,"Clump"
957,"Transformed",3,"No cluster"
958,"Continuous",4,"Clump"
959,"Continuous",4,"Clump"
960,"Transformed",3,"No cluster"
961,"Continuous",4,"Clump"
962,"Continuous",4,"Clump"
963,"Transformed",3,"No cluster"
964,"Never",1,"No cluster"
965,"Transformed",3,"No cluster"
966,"Never",1,"Clump"
967,"Never",1,"Clump"
968,"Continuous",4,"Clump"
969,"Continuous",4,"Clump"
970,"Continuous",4,"No cluster"
971,"Continuous",4,"Clump"
972,"Never",1,"Clump"
973,"Continuous",4,"Clump"
974,"Abandoned",2,"No cluster"
975,"Never",1,"Clump"
976,"Never",1,"Clump"
977,"Abandoned",2,"No cluster"
978,"Continuous",4,"Clump"
979,"Never",1,"Clump"
864,"Abandoned",2,"No cluster"
980,"Continuous",4,"Clump"
981,"Never",1,"Clump"
982,"Never",1,"Clump"
983,"Continuous",4,"Clump"
984,"Continuous",4,"Cluster"
985,"Continuous",4,"Clump"
986,"Continuous",4,"Clump"
987,"Transformed",3,"No cluster"
988,"Never",1,"Clump"
988,"Never",1,"Clump"
989,"Never",1,"No cluster"
990,"Never",1,"Clump"
991,"Abandoned",2,"No cluster"
992,"Never",1,"Clump"
993,"Never",1,"No cluster"
994,"Never",1,"Clump"
995,"Never",1,"Clump"
996,"Never",1,"Clump"
997,"Never",1,"Clump"
998,"Never",1,"Clump"
998,"Never",1,"Clump"
999,"Continuous",4,"Clump"
1000,"Never",1,"Clump"
1001,"Continuous",4,"Cluster"
1002,"Abandoned",2,"No cluster"
1003,"Never",1,"Clump"
1004,"Never",1,"Clump"
1005,"Never",1,"Clump"
1006,"Never",1,"Clump"
1007,"Never",1,"Clump"
1008,"Never",1,"No cluster"
1009,"Never",1,"Clump"
1010,"Continuous",4,"Clump"
1011,"Continuous",4,"Clump"
1012,"Continuous",4,"Clump"
1013,"Never",1,"Clump"
1014,"Continuous",4,"Clump"
1015,"Continuous",4,"Clump"
1016,"Continuous",4,"Clump"
1017,"Continuous",4,"Cluster"
1018,"Continuous",4,"Cluster"
1019,"Continuous",4,"Clump"
1020,"Continuous",4,"Clump"
1003,"Never",1,"Clump"
494,"Never",1,"Clump"
494,"Never",1,"Clump"
1022,"Continuous",4,"Clump"
494,"Never",1,"Clump"
1021,"Never",1,"Clump"
1023,"Never",1,"Clump"
1024,"Never",1,"No cluster"
1025,"Never",1,"Clump"
494,"Never",1,"No cluster"
494,"Never",1,"Clump"
1026,"Never",1,"Clump"
1027,"Never",1,"Clump"
1028,"Never",1,"Clump"
1029,"Never",1,"Clump"
1030,"Never",1,"Clump"
1031,"Never",1,"Cluster"
1039,"Abandoned",2,"No cluster"
1032,"Continuous",4,"Clump"
1033,"Never",1,"Cluster"
1034,"Never",1,"Cluster"
1035,"Never",1,"Cluster"
1036,"Transformed",3,"No cluster"
1037,"Never",1,"No cluster"
1038,"Continuous",4,"No cluster"
1040,"Transformed",3,"No cluster"
1041,"Continuous",4,"No cluster"
1042,"Abandoned",2,"No cluster"
1043,"Abandoned",2,"No cluster"
1044,"Abandoned",2,"No cluster"
1045,"Abandoned",2,"No cluster"
1046,"Abandoned",2,"No cluster"
1047,"Never",1,"Clump"
1048,"Never",1,"Clump"
1049,"Never",1,"Cluster"
1050,"Never",1,"No cluster"
1051,"Abandoned",2,"No cluster"
1052,"Never",1,"Clump"
1053,"Continuous",4,"Clump"
1054,"Continuous",4,"Cluster"
1055,"Continuous",4,"Clump"
494,"Never",1,"Clump"
494,"Never",1,"Cluster"
494,"Never",1,"Clump"
1056,"Never",1,"No cluster"
1057,"Never",1,"Cluster"
1058,"Never",1,"No cluster"
1059,"Continuous",4,"Cluster"
1060,"Transformed",3,"No cluster"
1061,"Abandoned",2,"No cluster"
1062,"Continuous",4,"Clump"
1063,"Abandoned",2,"No cluster"
1064,"Continuous",4,"Clump"
1065,"Transformed",3,"No cluster"
1066,"Continuous",4,"Clump"
1067,"Abandoned",2,"No cluster"
1068,"Continuous",4,"Clump"
1069,"Continuous",4,"Clump"
1070,"Transformed",3,"No cluster"
1071,"Transformed",3,"No cluster"
1072,"Transformed",3,"No cluster"
1073,"Transformed",3,"No cluster"
1074,"Continuous",4,"Clump"
1075,"Transformed",3,"No cluster"
1076,"Continuous",4,"Clump"
1077,"Continuous",4,"Clump"
1078,"Abandoned",2,"No cluster"
1079,"Never",1,"Clump"
1080,"Never",1,"Clump"
1081,"Abandoned",2,"No cluster"
1082,"Never",1,"Clump"
1083,"Continuous",4,"Clump"
1084,"Continuous",4,"Cluster"
1085,"Continuous",4,"Clump"
1086,"Continuous",4,"Cluster"
1087,"Continuous",4,"Clump"
1088,"Transformed",3,"No cluster"
1089,"Never",1,"No cluster"
1090,"Never",1,"Clump"
1091,"Never",1,"No cluster"
1092,"Transformed",3,"No cluster"
1093,"Continuous",4,"Cluster"
1094,"Continuous",4,"Cluster"
1095,"Never",1,"Clump"
1096,"Continuous",4,"Clump"
1097,"Continuous",4,"Cluster"
1098,"Continuous",4,"Clump"
1099,"Never",1,"Cluster"
1100,"Transformed",3,"No cluster"
1101,"Never",1,"Clump"
1102,"Transformed",3,"No cluster"
1103,"Transformed",3,"No cluster"
1104,"Never",1,"Clump"
1105,"Transformed",3,"No cluster"
1106,"Never",1,"No cluster"
1107,"Never",1,"Clump"
1108,"Never",1,"No cluster"
1109,"Transformed",3,"No cluster"
1110,"Never",1,"No cluster"
1111,"Never",1,"Clump"
1112,"Continuous",4,"Cluster"
1113,"Never",1,"No cluster"
1114,"Never",1,"Clump"
1114,"Never",1,"Clump"
1114,"Never",1,"Clump"
1115,"Continuous",4,"Clump"
1116,"Continuous",4,"Clump"
1117,"Continuous",4,"Clump"
1118,"Continuous",4,"Clump"
1114,"Never",1,"Clump"
1119,"Abandoned",2,"No cluster"
1120,"Abandoned",2,"No cluster"
1114,"Never",1,"No cluster"
1121,"Abandoned",2,"No cluster"
1122,"Continuous",4,"Clump"
1123,"Continuous",4,"Clump"
1124,"Continuous",4,"Cluster"
1125,"Transformed",3,"No cluster"
1126,"Continuous",4,"Clump"
1127,"Continuous",4,"Clump"
1128,"Continuous",4,"Clump"
1129,"Abandoned",2,"No cluster"
1130,"Continuous",4,"Clump"
1131,"Abandoned",2,"No cluster"
1132,"Abandoned",2,"No cluster"
1114,"Never",1,"Clump"
1133,"Abandoned",2,"No cluster"
1136,"Transformed",3,"No cluster"
1140,"Continuous",4,"Clump"
1141,"Abandoned",2,"No cluster"
1142,"Abandoned",2,"No cluster"
1143,"Abandoned",2,"No cluster"
1144,"Continuous",4,"Clump"
1145,"Never",1,"Cluster"
1146,"Never",1,"Clump"
1147,"Never",1,"Cluster"
1148,"Never",1,"Cluster"
1145,"Never",1,"No cluster"
1149,"Never",1,"No cluster"
1150,"Continuous",4,"Clump"
1151,"Transformed",3,"No cluster"
1152,"Never",1,"No cluster"
1145,"Never",1,"No cluster"
1153,"Continuous",4,"Clump"
1154,"Abandoned",2,"No cluster"
1155,"Never",1,"No cluster"
1156,"Continuous",4,"Clump"
1157,"Abandoned",2,"No cluster"
1158,"Never",1,"No cluster"
1159,"Continuous",4,"Clump"
1160,"Continuous",4,"Clump"
1161,"Continuous",4,"Clump"
1162,"Abandoned",2,"No cluster"
1145,"Never",1,"Clump"
1163,"Transformed",3,"No cluster"
1164,"Transformed",3,"No cluster"
1165,"Never",1,"Dispersed"
1166,"Never",1,"No cluster"
1167,"Never",1,"Clump"
1168,"Never",1,"Clump"
1145,"Never",1,"No cluster"
1169,"Continuous",4,"Clump"
1170,"Never",1,"No cluster"
1171,"Never",1,"No cluster"
1172,"Never",1,"No cluster"
1173,"Never",1,"No cluster"
1174,"Never",1,"No cluster"
1175,"Never",1,"No cluster"
1176,"Transformed",3,"No cluster"
1145,"Never",1,"Clump"
1177,"Continuous",4,"Clump"
1178,"Continuous",4,"Clump"
1179,"Never",1,"No cluster"
1180,"Never",1,"No cluster"
1181,"Never",1,"No cluster"
1182,"Continuous",4,"Clump"
1183,"Continuous",4,"Clump"
1184,"Abandoned",2,"No cluster"
1185,"Continuous",4,"Clump"
1186,"Never",1,"No cluster"
1187,"Abandoned",2,"No cluster"
1188,"Never",1,"No cluster"
1189,"Never",1,"No cluster"
1190,"Abandoned",2,"No cluster"
1191,"Continuous",4,"Clump"
1192,"Continuous",4,"Clump"
1193,"Never",1,"No cluster"
1193,"Never",1,"No cluster"
1194,"Transformed",3,"No cluster"
1145,"Never",1,"Clump"
1195,"Abandoned",2,"No cluster"
1196,"Never",1,"No cluster"
1145,"Never",1,"Clump"
1145,"Never",1,"Clump"
1197,"Continuous",4,"No cluster"
1198,"Abandoned",2,"No cluster"
1199,"Continuous",4,"Clump"
1200,"Never",1,"Clump"
1201,"Continuous",4,"No cluster"
1202,"Abandoned",2,"No cluster"
1203,"Abandoned",2,"No cluster"
1204,"Never",1,"Clump"
1204,"Never",1,"Clump"
1204,"Never",1,"Clump"
1205,"Abandoned",2,"No cluster"
1206,"Abandoned",2,"No cluster"
1207,"Abandoned",2,"No cluster"
1208,"Abandoned",2,"No cluster"
1209,"Abandoned",2,"No cluster"
1210,"Never",1,"Clump"
1211,"Abandoned",2,"No cluster"
1211,"Abandoned",2,"No cluster"
1212,"Never",1,"Clump"
1213,"Never",1,"Clump"
1214,"Abandoned",2,"No cluster"
1215,"Never",1,"Clump"
1216,"Never",1,"Clump"
1217,"Never",1,"Clump"
1218,"Never",1,"Clump"
1219,"Continuous",4,"Clump"
1220,"Abandoned",2,"No cluster"
1221,"Continuous",4,"Clump"
1222,"Abandoned",2,"No cluster"
1223,"Never",1,"Clump"
1145,"Never",1,"Cluster"
1224,"Never",1,"Clump"
1231,"Abandoned",2,"No cluster"
1231,"Abandoned",2,"No cluster"
1232,"Never",1,"Clump"
1233,"Never",1,"Cluster"
1234,"Continuous",4,"Clump"
1145,"Never",1,"Clump"
1235,"Abandoned",2,"No cluster"
1236,"Abandoned",2,"No cluster"
1237,"Transformed",3,"No cluster"
1238,"Abandoned",2,"No cluster"
1239,"Continuous",4,"Clump"
1240,"Continuous",4,"Clump"
1241,"Abandoned",2,"No cluster"
1242,"Abandoned",2,"No cluster"
1243,"Never",1,"Clump"
1244,"Abandoned",2,"No cluster"
1245,"Continuous",4,"Clump"
1246,"Never",1,"Cluster"
1247,"Abandoned",2,"No cluster"
1145,"Never",1,"Cluster"
1248,"Never",1,"Clump"
1249,"Continuous",4,"Clump"
1145,"Never",1,"Cluster"
1250,"Abandoned",2,"No cluster"
1251,"Never",1,"Clump"
1252,"Never",1,"Clump"
1253,"Abandoned",2,"No cluster"
494,"Never",1,"Cluster"
1254,"Continuous",4,"Clump"
1255,"Never",1,"Clump"
1256,"Continuous",4,"Clump"
1257,"Abandoned",2,"No cluster"
1258,"Abandoned",2,"No cluster"
1259,"Continuous",4,"Clump"
1260,"Never",1,"Clump"
1261,"Never",1,"No cluster"
1262,"Never",1,"Clump"
1263,"Continuous",4,"Clump"
1264,"Continuous",4,"Clump"
1265,"Transformed",3,"No cluster"
1266,"Never",1,"Clump"
1267,"Continuous",4,"Clump"
1268,"Abandoned",2,"No cluster"
1269,"Abandoned",2,"No cluster"
1270,"Never",1,"Clump"
1271,"Abandoned",2,"Clump"
1272,"Abandoned",2,"Clump"
1273,"Continuous",4,"Clump"
1274,"Abandoned",2,"Clump"
1275,"Continuous",4,"Clump"
1276,"Abandoned",2,"Clump"
1277,"Abandoned",2,"Clump"
1278,"Continuous",4,"Clump"
1279,"Continuous",4,"Clump"
1280,"Continuous",4,"Cluster"
1281,"Abandoned",2,"Clump"
1282,"Continuous",4,"Clump"
1283,"Never",1,"No cluster"
1284,"Continuous",4,"Clump"
1285,"Abandoned",2,"No cluster"
1286,"Abandoned",2,"Clump"
1287,"Abandoned",2,"Clump"
1288,"Abandoned",2,"Clump"
1289,"Abandoned",2,"No cluster"
1283,"Never",1,"Clump"
1290,"Never",1,"Clump"
1291,"Never",1,"Clump"
1292,"Abandoned",2,"No cluster"
1283,"Never",1,"Clump"
1293,"Abandoned",2,"Clump"
1294,"Abandoned",2,"Clump"
1295,"Abandoned",2,"Clump"
1296,"Abandoned",2,"Clump"
1297,"Abandoned",2,"Clump"
1298,"Abandoned",2,"Clump"
1299,"Never",1,"No cluster"
1300,"Abandoned",2,"Clump"
1301,"Abandoned",2,"Clump"
1302,"Abandoned",2,"Clump"
1303,"Abandoned",2,"Clump"
1304,"Abandoned",2,"Clump"
1305,"Abandoned",2,"Clump"
1306,"Abandoned",2,"Clump"
1307,"Continuous",4,"Clump"
1308,"Continuous",4,"Clump"
1309,"Continuous",4,"Clump"
1310,"Abandoned",2,"Clump"
1311,"Abandoned",2,"Clump"
1312,"Abandoned",2,"Clump"
1313,"Continuous",4,"Clump"
1314,"Continuous",4,"Clump"
1315,"Abandoned",2,"Clump"
1316,"Continuous",4,"Clump"
1317,"Abandoned",2,"No cluster"
1318,"Abandoned",2,"No cluster"
1319,"Never",1,"No cluster"
1320,"Abandoned",2,"Clump"
1321,"Abandoned",2,"No cluster"
1322,"Abandoned",2,"Clump"
1323,"Continuous",4,"Cluster"
1324,"Continuous",4,"Clump"
1325,"Abandoned",2,"No cluster"
1326,"Abandoned",2,"Clump"
1327,"Abandoned",2,"No cluster"
1328,"Continuous",4,"Cluster"
1329,"Continuous",4,"Clump"
1330,"Continuous",4,"Cluster"
1283,"Never",1,"No cluster"
1283,"Never",1,"No cluster"
1331,"Continuous",4,"Cluster"
1332,"Abandoned",2,"No cluster"
1333,"Continuous",4,"Cluster"
1334,"Never",1,"No cluster"
1283,"Never",1,"No cluster"
1335,"Abandoned",2,"Clump"
1336,"Continuous",4,"Cluster"
1337,"Continuous",4,"Cluster"
1338,"Abandoned",2,"Clump"
1283,"Never",1,"No cluster"
1339,"Continuous",4,"Clump"
1340,"Abandoned",2,"Clump"
1341,"Never",1,"No cluster"
1342,"Abandoned",2,"No cluster"
1343,"Transformed",3,"No cluster"
1344,"Abandoned",2,"No cluster"
1345,"Abandoned",2,"No cluster"
1346,"Abandoned",2,"No cluster"
1347,"Abandoned",2,"No cluster"
1348,"Abandoned",2,"No cluster"
1349,"Continuous",4,"Clump"
1350,"Continuous",4,"Clump"
1283,"Never",1,"No cluster"
1351,"Never",1,"No cluster"
1352,"Continuous",4,"Clump"
1353,"Abandoned",2,"No cluster"
1354,"Transformed",3,"No cluster"
1355,"Abandoned",2,"No cluster"
1356,"Transformed",3,"No cluster"
1357,"Continuous",4,"Clump"
1358,"Transformed",3,"No cluster"
1359,"Never",1,"Clump"
1360,"Transformed",3,"No cluster"
1361,"Never",1,"No cluster"
1362,"Abandoned",2,"No cluster"
1363,"Abandoned",2,"No cluster"
1283,"Never",1,"Clump"
1364,"Abandoned",2,"No cluster"
1365,"Continuous",4,"Clump"
1283,"Never",1,"Clump"
1283,"Never",1,"No cluster"
1283,"Never",1,"Clump"
1366,"Never",1,"Clump"
1367,"Abandoned",2,"No cluster"
1368,"Abandoned",2,"No cluster"
1369,"Abandoned",2,"No cluster"
1370,"Never",1,"Clump"
1371,"Continuous",4,"Clump"
1283,"Never",1,"Clump"
1372,"Never",1,"Clump"
1373,"Never",1,"Clump"
1374,"Abandoned",2,"No cluster"
1283,"Never",1,"Clump"
1375,"Abandoned",2,"Clump"
1376,"Abandoned",2,"Clump"
1283,"Never",1,"Clump"
1283,"Never",1,"Clump"
1283,"Never",1,"Clump"
1377,"Abandoned",2,"No cluster"
1378,"Never",1,"Clump"
1379,"Never",1,"Clump"
1283,"Never",1,"Clump"
1380,"Continuous",4,"Clump"
1381,"Never",1,"Clump"
1382,"Transformed",3,"No cluster"
1383,"Abandoned",2,"No cluster"
1283,"Never",1,"Clump"
1384,"Never",1,"Clump"
1385,"Never",1,"Clump"
1386,"Continuous",4,"Clump"
1387,"Continuous",4,"Clump"
1388,"Abandoned",2,"No cluster"
1389,"Abandoned",2,"No cluster"
1390,"Never",1,"Clump"
1391,"Never",1,"Clump"
1283,"Never",1,"Clump"
1283,"Never",1,"Clump"
1392,"Abandoned",2,"No cluster"
1283,"Never",1,"Clump"
1393,"Abandoned",2,"No cluster"
1394,"Continuous",4,"Clump"
1395,"Continuous",4,"Clump"
1396,"Continuous",4,"Clump"
1397,"Abandoned",2,"No cluster"
1398,"Abandoned",2,"No cluster"
1399,"Continuous",4,"Clump"
1400,"Abandoned",2,"No cluster"
1401,"Never",1,"Clump"
1402,"Abandoned",2,"No cluster"
1403,"Continuous",4,"Clump"
1404,"Transformed",3,"No cluster"
1283,"Never",1,"No cluster"
1283,"Never",1,"No cluster"
1283,"Never",1,"Clump"
1405,"Continuous",4,"Clump"
1406,"Continuous",4,"Clump"
1407,"Abandoned",2,"Clump"
1408,"Continuous",4,"Clump"
1409,"Abandoned",2,"Clump"
1410,"Continuous",4,"Clump"
1411,"Continuous",4,"Clump"
1412,"Continuous",4,"Clump"
1413,"Continuous",4,"Clump"
1414,"Never",1,"No cluster"
1415,"Abandoned",2,"No cluster"
1416,"Abandoned",2,"No cluster"
1417,"Never",1,"No cluster"
1418,"Never",1,"No cluster"
1419,"Never",1,"No cluster"
1420,"Abandoned",2,"Clump"
1421,"Abandoned",2,"No cluster"
1422,"Abandoned",2,"Clump"
1283,"Never",1,"No cluster"
1423,"Abandoned",2,"No cluster"
1424,"Continuous",4,"Clump"
1425,"Abandoned",2,"No cluster"
1426,"Abandoned",2,"No cluster"
1427,"Continuous",4,"Clump"
1428,"Abandoned",2,"Clump"
1429,"Abandoned",2,"Clump"
1430,"Abandoned",2,"No cluster"
1431,"Continuous",4,"Clump"
1432,"Abandoned",2,"No cluster"
1433,"Abandoned",2,"No cluster"
1434,"Never",1,"No cluster"
1435,"Never",1,"Clump"
1436,"Never",1,"No cluster"
1437,"Continuous",4,"No cluster"
1438,"Never",1,"No cluster"
1439,"Never",1,"No cluster"
1440,"Never",1,"Clump"
1441,"Never",1,"Clump"
1442,"Never",1,"Clump"
1442,"Never",1,"Clump"
1443,"Continuous",4,"Clump"
1442,"Never",1,"Clump"
1444,"Never",1,"Clump"
1445,"Continuous",4,"Clump"
1446,"Never",1,"Clump"
1447,"Abandoned",2,"No cluster"
1448,"Continuous",4,"Clump"
1449,"Never",1,"Clump"
1450,"Continuous",4,"Clump"
1451,"Continuous",4,"Clump"
1442,"Never",1,"Clump"
1452,"Never",1,"No cluster"
1453,"Continuous",4,"Clump"
1454,"Never",1,"Clump"
1455,"Continuous",4,"Clump"
1456,"Never",1,"Clump"
1442,"Never",1,"Clump"
1457,"Continuous",4,"Clump"
1442,"Never",1,"Clump"
1458,"Never",1,"Clump"
1459,"Continuous",4,"Clump"
1460,"Continuous",4,"Clump"
1442,"Never",1,"Clump"
1461,"Never",1,"Clump"
1442,"Never",1,"Clump"
1442,"Never",1,"No cluster"
1442,"Never",1,"Clump"
1442,"Never",1,"Clump"
1442,"Never",1,"Clump"
1442,"Never",1,"Clump"
1462,"Continuous",4,"Clump"
1463,"Transformed",3,"No cluster"
1464,"Abandoned",2,"No cluster"
1465,"Never",1,"Clump"
1466,"Continuous",4,"Clump"
1467,"Continuous",4,"Clump"
1468,"Abandoned",2,"No cluster"
1469,"Transformed",3,"No cluster"
1442,"Never",1,"Clump"
1470,"Abandoned",2,"No cluster"
1471,"Abandoned",2,"No cluster"
1472,"Continuous",4,"Clump"
1473,"Continuous",4,"Clump"
1442,"Never",1,"Clump"
1474,"Continuous",4,"Clump"
1475,"Continuous",4,"Clump"
1476,"Never",1,"Clump"
1477,"Never",1,"No cluster"
1478,"Transformed",3,"No cluster"
1479,"Never",1,"No cluster"
1480,"Never",1,"Clump"
1442,"Never",1,"Clump"
1481,"Never",1,"Clump"
1442,"Never",1,"No cluster"
1482,"Abandoned",2,"No cluster"
1483,"Continuous",4,"Clump"
1484,"Abandoned",2,"No cluster"
1442,"Never",1,"No cluster"
1485,"Continuous",4,"Clump"
1486,"Never",1,"Clump"
1487,"Abandoned",2,"No cluster"
1488,"Continuous",4,"Clump"
1489,"Never",1,"Clump"
1490,"Never",1,"Clump"
1491,"Never",1,"Clump"
1492,"Abandoned",2,"No cluster"
1493,"Continuous",4,"Clump"
1494,"Continuous",4,"Clump"
1495,"Continuous",4,"Clump"
1496,"Abandoned",2,"No cluster"
1497,"Transformed",3,"No cluster"
1498,"Continuous",4,"Clump"
1499,"Transformed",3,"No cluster"
1500,"Continuous",4,"Clump"
1501,"Continuous",4,"Clump"
1502,"Never",1,"Clump"
1442,"Never",1,"Clump"
1503,"Continuous",4,"Clump"
1504,"Abandoned",2,"No cluster"
1505,"Transformed",3,"No cluster"
1506,"Transformed",3,"No cluster"
1442,"Never",1,"Clump"
1507,"Never",1,"Clump"
1508,"Transformed",3,"No cluster"
1509,"Continuous",4,"Clump"
1442,"Never",1,"Clump"
1510,"Abandoned",2,"No cluster"
1442,"Never",1,"Clump"
1442,"Never",1,"Clump"
1511,"Never",1,"Clump"
1442,"Never",1,"Clump"
1512,"Continuous",4,"Clump"
1442,"Never",1,"Clump"
1442,"Never",1,"Clump"
1513,"Continuous",4,"Clump"
1514,"Never",1,"Clump"
1442,"Never",1,"Clump"
1515,"Never",1,"Clump"
1516,"Never",1,"Clump"
1442,"Never",1,"Clump"
1517,"Never",1,"Clump"
1518,"Never",1,"Clump"
1442,"Never",1,"Clump"
1519,"Never",1,"Clump"
1520,"Abandoned",2,"No cluster"
1442,"Never",1,"Clump"
1521,"Abandoned",2,"No cluster"
1522,"Abandoned",2,"No cluster"
1523,"Continuous",4,"Clump"
1524,"Never",1,"Clump"
1525,"Never",1,"Clump"
1526,"Never",1,"Clump"
1527,"Transformed",3,"No cluster"
1528,"Continuous",4,"Clump"
1529,"Never",1,"Clump"
1530,"Never",1,"Clump"
1531,"Abandoned",2,"No cluster"
1532,"Never",1,"Clump"
1442,"Never",1,"Clump"
1533,"Never",1,"Clump"
1534,"Continuous",4,"Clump"
1535,"Continuous",4,"Cluster"
1536,"Continuous",4,"Cluster"
1537,"Never",1,"Clump"
1538,"Continuous",4,"Clump"
1539,"Abandoned",2,"No cluster"
1540,"Abandoned",2,"No cluster"
1541,"Abandoned",2,"No cluster"
1542,"Continuous",4,"Clump"
1543,"Never",1,"Clump"
1544,"Never",1,"Clump"
1545,"Continuous",4,"Clump"
1546,"Never",1,"Clump"
1547,"Abandoned",2,"No cluster"
1442,"Never",1,"Clump"
1548,"Never",1,"Clump"
1549,"Never",1,"Clump"
1550,"Never",1,"Clump"
1551,"Abandoned",2,"No cluster"
1442,"Never",1,"Clump"
1552,"Abandoned",2,"No cluster"
1442,"Never",1,"Clump"
1442,"Never",1,"Clump"
1553,"Continuous",4,"No cluster"
1554,"Abandoned",2,"No cluster"
1555,"Continuous",4,"Clump"
1556,"Continuous",4,"Clump"
1557,"Abandoned",2,"No cluster"
1558,"Abandoned",2,"No cluster"
1559,"Continuous",4,"Clump"
1442,"Never",1,"Clump"
1560,"Abandoned",2,"No cluster"
1561,"Abandoned",2,"No cluster"
1442,"Never",1,"Clump"
1562,"Never",1,"Clump"
1563,"Never",1,"Clump"
1564,"Continuous",4,"Clump"
1565,"Never",1,"Clump"
1566,"Abandoned",2,"No cluster"
1567,"Abandoned",2,"No cluster"
1442,"Never",1,"Clump"
1568,"Continuous",4,"Clump"
1442,"Never",1,"Clump"
1569,"Abandoned",2,"No cluster"
1570,"Abandoned",2,"No cluster"
1571,"Continuous",4,"Clump"
1572,"Abandoned",2,"No cluster"
1573,"Abandoned",2,"No cluster"
1574,"Continuous",4,"Clump"
1575,"Abandoned",2,"No cluster"
1442,"Never",1,"Cluster"
1442,"Never",1,"Cluster"
1576,"Abandoned",2,"No cluster"
1577,"Continuous",4,"Clump"
1578,"Transformed",3,"No cluster"
1579,"Transformed",3,"No cluster"
1580,"Continuous",4,"Clump"
1581,"Continuous",4,"Clump"
1582,"Continuous",4,"Clump"
1583,"Continuous",4,"Clump"
1442,"Never",1,"Clump"
1584,"Never",1,"Clump"
1585,"Continuous",4,"Clump"
1586,"Continuous",4,"Clump"
1587,"Transformed",3,"Outlier"
1588,"Continuous",4,"Clump"
1589,"Continuous",4,"Clump"
1590,"Continuous",4,"Clump"
1591,"Transformed",3,"No cluster"
1592,"Continuous",4,"Clump"
1593,"Transformed",3,"No cluster"
1594,"Continuous",4,"Clump"
1595,"Transformed",3,"No cluster"
1596,"Transformed",3,"No cluster"
1597,"Transformed",3,"No cluster"
1598,"Transformed",3,"No cluster"
1599,"Continuous",4,"Clump"
1600,"Continuous",4,"Clump"
1601,"Never",1,"No cluster"
1442,"Never",1,"Clump"
1602,"Never",1,"Clump"
1603,"Continuous",4,"Clump"
1604,"Never",1,"Clump"
1605,"Never",1,"Clump"
1606,"Abandoned",2,"No cluster"
1607,"Continuous",4,"Clump"
1608,"Continuous",4,"Cluster"
1609,"Transformed",3,"No cluster"
1610,"Continuous",4,"Clump"
1611,"Transformed",3,"No cluster"
1612,"Transformed",3,"No cluster"
1613,"Never",1,"Clump"
1614,"Never",1,"Clump"
1615,"Continuous",4,"Clump"
1616,"Continuous",4,"Clump"
1617,"Continuous",4,"Clump"
1618,"Never",1,"Clump"
1619,"Never",1,"Clump"
1620,"Never",1,"Clump"
1621,"Continuous",4,"Clump"
1139,"Continuous",4,"Clump"
1138,"Abandoned",2,"No cluster"
1137,"Continuous",4,"Clump"
1134,"Abandoned",2,"No cluster"
1135,"Abandoned",2,"No cluster"
1622,"Continuous",4,"Clump"
1623,"Continuous",4,"Clump"
1624,"Abandoned",2,"Clump"
1625,"Never",1,"No cluster"
1626,"Continuous",4,"Cluster"
1627,"Never",1,"Clump"
1628,"Continuous",4,"Clump"
1629,"Never",1,"Clump"
1630,"Continuous",4,"Clump"
1631,"Never",1,"No cluster"
1632,"Never",1,"Clump"
1633,"Never",1,"Clump"
1283,"Never",1,"Clump"
1634,"Continuous",4,"No cluster"
1635,"Abandoned",2,"Clump"
1636,"Continuous",4,"Cluster"
1637,"Continuous",4,"Cluster"
1638,"Abandoned",2,"No cluster"
1639,"Transformed",3,"No cluster"
1640,"Continuous",4,"Clump"
1641,"Continuous",4,"Clump"
1642,"Continuous",4,"Clump"
1643,"Never",1,"Clump"
1644,"Never",1,"Clump"
1645,"Continuous",4,"Clump"
1646,"Never",1,"Clump"
1647,"Abandoned",2,"No cluster"
1648,"Continuous",4,"Clump"
1649,"Continuous",4,"Clump"
1650,"Transformed",3,"No cluster"
1651,"Transformed",3,"No cluster"
1652,"Never",1,"Clump"
1653,"Continuous",4,"Clump"
1654,"Continuous",4,"Clump"
1655,"Continuous",4,"Clump"
1656,"Continuous",4,"Clump"
1657,"Continuous",4,"Clump"
1658,"Continuous",4,"Clump"
1659,"Abandoned",2,"No cluster"
1660,"Never",1,"Clump"
1661,"Never",1,"Clump"
1442,"Never",1,"Clump"
1662,"Continuous",4,"Clump"
1663,"Abandoned",2,"No cluster"
1664,"Continuous",4,"Clump"
1665,"Continuous",4,"Clump"
1666,"Continuous",4,"Clump"
